Vernia Anthony,"1051 Balceta Square, Reedley, Michigan",Vernia Anthony,"1051 Balceta Square, Reedley, Michigan"
Daren Underwood,"982 Duboce Gardens, Peachtree City, Georgia",Daren Underwood,"982 Duboce Gardens, Peachtree City, Georgia"
Stanley Marks,"541 Merrill Stravenue, Talladega, Pennsylvania",Stanley Marks,"541 Merrill Stravenue, Talladega, Pennsylvania"
Shad Ruiz,"1018 Whiting Line, North Platte, New Jersey",Shad Ruiz,"1018 Whiting Line, North Platte, New Jersey"
Danny Mooney,"1301 Grand View Crescent, Oviedo, Washington",Danny Mooney,"1301 Grand View Crescent, Oviedo, Washington"
Jacqui Barron,"272 Boardman Row, Manteca, Hawaii",Jacqui Barron,"272 Boardman Row, Manteca, Hawaii"
Elijah Casey,"387 Hubbell Green, Springfield, Utah",Elijah Casey,"387 Hubbell Green, Springfield, Utah"
Jutta Gill,"632 Tulip Plaza, Newport Beach, Maine",Jutta Gill,"632 Tulip Plaza, Newport Beach, Maine"
Riva Foley,"497 Coleridge Route, Schererville, Iowa",Riva Foley,"497 Coleridge Route, Schererville, Iowa"
Jutta Woodard,"129 Ora Point, Wheat Ridge, Alabama",Jutta Woodard,"129 Ora Point, Wheat Ridge, Alabama"
Fleta Walton,"1026 Brook Gardens, Murrieta, Colorado",Fleta Walton,"1026 Brook Gardens, Murrieta, Colorado"
Stanley Calhoun,"804 Glover Crescent, Chattanooga, Hawaii",Stanley Calhoun,"804 Glover Crescent, Chattanooga, Hawaii"
Dimple Head,"1338 Halyburton Thruway, Bentonville, Massachusetts",Dimple Head,"1338 Halyburton Thruway, Bentonville, Massachusetts"
Rossana Horton,"1269 Hunt Pike, Dania Beach, Wisconsin",Rossana Horton,"1269 Hunt Pike, Dania Beach, Wisconsin"
Jeffrey Collier,"544 Havens Walk, Indianapolis, Rhode Island",Jeffrey Collier,"544 Havens Walk, Indianapolis, Rhode Island"
Stephan Bray,"698 Ina Annex, Ridgecrest, Kentucky",Stephan Bray,"698 Ina Annex, Ridgecrest, Kentucky"
Aleen Whitfield,"1159 Ohlone Line, South Euclid, Missouri",Aleen Whitfield,"1159 Ohlone Line, South Euclid, Missouri"
Arlie Fitzgerald,"1030 Elgin Private, Huber Heights, North Dakota",Arlie Fitzgerald,"1030 Elgin Private, Huber Heights, North Dakota"
Darrin Mathis,"218 Graham Private, Chino, Idaho",Darrin Mathis,"218 Graham Private, Chino, Idaho"
Lane Mooney,"1195 Saint Croix Cove, Irving, Texas",Lane Mooney,"1195 Saint Croix Cove, Irving, Texas"
Christoper Stephens,"873 Standish Mall, Belle Glade, Iowa",Christoper Stephens,"873 Standish Mall, Belle Glade, Iowa"
Alden Clarke,"849 Loma Vista Route, Sherman, North Dakota",Alden Clarke,"849 Loma Vista Route, Sherman, North Dakota"
Fred Olson,"1180 Farview Expressway, Dalton, Kentucky",Fred Olson,"1180 Farview Expressway, Dalton, Kentucky"
August Phelps,"602 Cuba Wynd, Ontario, Pennsylvania",August Phelps,"602 Cuba Wynd, Ontario, Pennsylvania"
Perry Dickerson,"920 Shields Glen, Southaven, Alabama",Perry Dickerson,"920 Shields Glen, Southaven, Alabama"
Elvin Mccormick,"146 Taylor Townline, Ankeny, Georgia",Elvin Mccormick,"146 Taylor Townline, Ankeny, Georgia"
Glennis Ballard,"863 Geary Side road, Saratoga Springs, Alabama",Glennis Ballard,"863 Geary Side road, Saratoga Springs, Alabama"
Bulah Fry,"286 Page Field, Pompano Beach, Massachusetts",Bulah Fry,"286 Page Field, Pompano Beach, Massachusetts"
Moshe Koch,"1037 Storey Terrace, Wauwatosa, Oklahoma",Moshe Koch,"1037 Storey Terrace, Wauwatosa, Oklahoma"
Jonelle Newman,"384 Samoset Concession road, Hickory, Florida",Jonelle Newman,"384 Samoset Concession road, Hickory, Florida"
Wyatt Spears,"113 Escondido Mall, Skokie, California",Wyatt Spears,"113 Escondido Mall, Skokie, California"
Lawerence Hays,"1341 Fairbanks Expressway, Monroeville, West Virginia",Lawerence Hays,"1341 Fairbanks Expressway, Monroeville, West Virginia"
Maurice Burnett,"484 Candlestick Cove Drung, Converse, Oklahoma",Maurice Burnett,"484 Candlestick Cove Drung, Converse, Oklahoma"
Aleshia Morton,"850 Lagunitas Mews, Beverly Hills, North Dakota",Aleshia Morton,"850 Lagunitas Mews, Beverly Hills, North Dakota"
Logan Stephenson,"705 Barry Plaza, Madison Heights, Vermont",Logan Stephenson,"705 Barry Plaza, Madison Heights, Vermont"
Rob Grimes,"1126 Battery Field, Laramie, New Hampshire",Rob Grimes,"1126 Battery Field, Laramie, New Hampshire"
Dominica Spencer,"351 Hicks Path, Stockton, Colorado",Dominica Spencer,"351 Hicks Path, Stockton, Colorado"
Kera Underwood,"551 Divisadero Street, Claremont, Hawaii",Kera Underwood,"551 Divisadero Street, Claremont, Hawaii"
Kallie Love,"233 Calgary Spur, Gresham, North Carolina",Kallie Love,"233 Calgary Spur, Gresham, North Carolina"
Jimmie Mooney,"209 Lake Forest Expressway, Brawley, Arkansas",Jimmie Mooney,"209 Lake Forest Expressway, Brawley, Arkansas"
Josef Stephenson,"770 Roselyn Path, Coronado, Nevada",Josef Stephenson,"770 Roselyn Path, Coronado, Nevada"
Amos Page,"537 Ortega Concession road, Pelham, Alabama",Amos Page,"537 Ortega Concession road, Pelham, Alabama"
Weldon Rocha,"1090 Transbay Loop Street, North Chicago, Arizona",Weldon Rocha,"1090 Transbay Loop Street, North Chicago, Arizona"
Raul Wilkinson,"638 Marlin Point, Macon, Michigan",Raul Wilkinson,"638 Marlin Point, Macon, Michigan"
Eugene Rocha,"1394 Sawyer Road, Geneva, Hawaii",Eugene Rocha,"1394 Sawyer Road, Geneva, Hawaii"
Augustus Conley,"421 Powhattan Sideline, Caldwell, Mississippi",Augustus Conley,"421 Powhattan Sideline, Caldwell, Mississippi"
Lyndia Humphrey,"323 Lori Plantation, Vernon Hills, Oregon",Lyndia Humphrey,"323 Lori Plantation, Vernon Hills, Oregon"
Vito Cochran,"136 Dr Tom Waddell Bypass, Pembroke Pines, New York",Vito Cochran,"136 Dr Tom Waddell Bypass, Pembroke Pines, New York"
Preston Randall,"1178 Burke Boulevard, Sugar Land, Oklahoma",Preston Randall,"1178 Burke Boulevard, Sugar Land, Oklahoma"
Derrick Holman,"401 Cayuga Viaduct, Pittsburg, Indiana",Derrick Holman,"401 Cayuga Viaduct, Pittsburg, Indiana"